Category,Element,Description,Example from Transcript,Do,Don't
Brand Positioning,Market Position,"Cutting-edge, exclusive AI sales intelligence provider","Currently it's only the 1% who is using it","Position as innovative leader, emphasize early-mover advantage","Appear commoditized or available to everyone"
Brand Positioning,Exclusivity,"Selective about partnerships, won't work with direct competitors","We will not work for your direct competitors... nine times out of ten we say no","Emphasize partnership quality over quantity","Accept any client regardless of fit"
Brand Positioning,Value Focus,"Partners must have unique value proposition","For you, you have something very unique. That's what I would love to work together with you","Highlight client's unique strengths","Work with generic consultancies or undifferentiated businesses"
Brand Positioning,European Identity,"European-built platform, not American tech stack","We always envision building a European software company. And not use an American tech stack to do it","Emphasize European roots and hosting","Position as another American SaaS tool"
Brand Positioning,Founder Credibility,"Experienced leadership with proven exits","Last company I exited was 2 billion in five years time... five software companies over the past 15 years","Share founder track record with specific numbers","Skip credibility establishment or be vague"
Brand Positioning,Self-Funded Independence,"Bootstrapped by choice to maintain control","I really want to be self funded. To have our own direction and not have a board of directors behind you saying you need to do this","Emphasize independence and customer-first decisions","Present lack of funding as weakness"
Brand Positioning,Origin Story,"MBA thesis turned reality after 10 years","This was my final thesis. Back then everybody was saying that I was crazy... then we found Alex who actually made it work","Share the journey from idea to reality","Present as overnight success"
Communication Style,Consultative,"Educational, explains reasoning and methodology","At the end of the day, it's all about how we as humans actually operate together with intelligence","Educate prospects on the why behind features","Push features without context"
Communication Style,Confident,"Direct claims backed by results","We see an uplift from 300 to 500%","State results confidently with specifics","Be vague or hedge unnecessarily"
Communication Style,Practical,"Demo-driven, shows real examples","So let me switch here so this becomes more... here we have an overview of about 90,000 companies","Show live demos and real data","Rely only on slides or theory"
Communication Style,Future-Oriented,"Frames product as inevitable market direction","This is going to happen in the next 12 to 24 months. Every organization who will survive this transition will use these kinds of toolings","Position as essential for future success","Focus only on current problems"
Communication Style,Simplification,"Complex concepts made simple for internal selling","We have customers. Find us more customers like our customers. How? Agents search the whole world","Create simple soundbites prospects can repeat to their boss","Use complex jargon like 'agentic CDP' or 'fourth pillar'"
Communication Style,Mutual Learning,"Position as wanting to learn from prospect too","I would really love to learn also from you... how your setup is, how you're automating things, how you're using agentic AI","Express genuine curiosity about their approach","Act as all-knowing expert"
Communication Style,Challenging with Care,"Ask tough probing questions while affirming success","3.5 calls per day? Why? What are they doing the other 7 hours?... You're doing amazing as a company. Sorry for the million questions - I just want to understand","Challenge assumptions directly but acknowledge their success","Be confrontational, judgmental, or beat around the bush"
Trust Building,Security-First,"Proactively addresses GDPR and data concerns","Before I joined AI-KIP... I was a typical German always saying DSK file is not GDPR... we can install this locally","Lead with security credentials, offer local hosting","Wait for security objections to arise"
Trust Building,Transparency,"Explains how data is controlled","The salesperson itself can connect their own transcripts... they are always under the control of which data","Clarify data ownership and control","Be vague about data handling"
Trust Building,Empowerment,"Tool helps employees, not monitors them","It will mirror it to the employee itself... it is always helping that person to get to the sale faster","Frame as employee empowerment tool","Position as management surveillance"
Trust Building,European Hosting,"German cloud providers, GDPR compliance, local option","Everything is hosted here... Schwarz IT and StackIT... German tech stack. We can put it locally on a machine here in your headquarters if needed","Name specific German/European providers, offer on-premise option","Rely on generic 'cloud compliant' claims or force cloud-only"
Trust Building,Complaint Handling,"Personal response to concerns","I reached out to the person directly saying I'm so sorry... I want to offer you a voucher to go to dinner. And they were very happy","Handle complaints personally and generously","Ignore or deflect complaints"
Value Proposition,Time Savings,"Eliminates research burden","Not wasting too much time on researching for companies, but only prioritize your valuable time to close warm leads","Emphasize time saved on research","Focus on adding more tasks"
Value Proposition,Signal Intelligence,"1M+ daily signals across 33M+ companies","We have 33 million companies... all registered companies in Europe in our database","Quantify signal volume and data coverage","Understate data capabilities"
Value Proposition,Stakeholder Insights,"Identifies hidden concerns in buying cycles","The engineer asked these questions. I didn't notice it during the meeting","Show how tool catches missed signals","Oversimplify complex sales cycles"
Value Proposition,Commission Impact,"Direct link to sales earnings","It will be much easier for sales and they will get a higher commission","Connect features to financial outcomes","Focus only on process improvements"
Value Proposition,Data Quality Solution,"Solves CRM data quality problems","The company name is correct but the rest is garbage... identify the company and the entity behind it","Acknowledge CRM data pain point, show how AI-KIP fixes it","Assume client data is clean"
Value Proposition,Lookalike Audiences,"Find more customers like existing customers","We take the domain or the unique identifier... and then we abstract the ideal customer profile from that","Explain lookalike concept simply","Overcomplicate with technical terms"
Value Proposition,Capacity Optimization,"Reframe as optimization not replacement","It's more an optimization problem... demand side focus","Frame as optimizing existing capacity","Position as replacing people"
Value Proposition,Data Uniqueness,"Proprietary data vs commoditized sources","I found out data.com sells it to everybody in the US at the same time. So that data and uniqueness is completely gone","Emphasize unique data gathering vs shared databases","Rely on same sources as competitors"
Sales Process,Discovery Deep-Dive,"Extensive questioning about business model","How is your go to market? Direct or indirect? What is the revenue from direct versus indirect? Does it change for geographic location?","Ask detailed questions about go-to-market, channels, geography","Assume one-size-fits-all approach"
Sales Process,Workshop-Led,"Starts with collaborative discovery","We do an onsite workshop... use cases and what you want to automate. Workshop costs 5,000 EUR","Propose workshops to define ICP and use cases, state pricing upfront","Jump straight to implementation or hide costs"
Sales Process,Follow-up Materials,"Proactive documentation sharing","Is there anything we can already send you on the concerns... where it's hosted, IT security","Offer to send security/hosting documentation","Wait for prospects to request materials"
Sales Process,Proof-of-Concept Demo,"Demo with prospect's actual data","What would be very interesting, if you have a list of 50 companies... we can already generate a list and put that into a demo","Offer to demo with their real customer data","Only show generic examples"
Sales Process,In-Person Preference,"Face-to-face meetings when possible","Then we can visit you in person in Ulm, which is always better to see each other","Suggest in-person meetings for deeper discussions","Default to only video calls"
Sales Process,Stakeholder Expansion,"Identify opportunities to involve decision-makers","It would be interesting that he participates also... I will talk to my boss about it","Encourage involving boss/decision-maker in follow-up","Stop at single contact"
Sales Process,Co-Development Option,"Joint development for select partners","We do co development as well. We only do that with a very limited select group of customers","Offer co-development for strategic accounts","Treat all customers identically"
Sales Process,Flexible Engagement,"Range from full service to learning session","We can imagine from let's say hire you for almost everything to just learn something today and see where it fits together","Acknowledge spectrum of engagement options","Force single engagement model"
Language/Tone,Bilingual Flexibility,"Switches between German and English naturally","My German speech is not so great... (proceeds in English)","Accommodate language preferences","Force single language when unnecessary"
Language/Tone,Technical Accessibility,"Explains AI concepts simply","Agentic AI comes up with several tasks... they want our reasoning behind it","Make AI concepts understandable","Use excessive jargon"
Language/Tone,Partnership Language,"Frames as collaboration not vendor relationship","That's what I would love to work together with you","Use 'we' and 'together' language","Position as vendor-client dynamic"
Language/Tone,Boss-Ready Pitch,"Simple explanation for internal selling","We have customers, find us more customers like our customers - how? Agents search the whole world","Provide simple phrases prospect can use with their boss","Expect prospect to translate complex pitch internally"
Objection Handling,Competition Concerns,"Addresses competitor access directly","What happens if a competitor uses the tool? We will not work for your direct competitors","Offer contractual exclusivity","Dismiss competitive concerns"
Objection Handling,Control Concerns,"Reframes monitoring as assistance","This is set up not that this will forward to head of sales... it will mirror it to the employee itself","Reframe surveillance fears as empowerment","Avoid discussing control dynamics"
Objection Handling,Adoption Timeline,"Creates urgency through market trends","Every organization who will survive this transition will use these kinds of toolings","Frame as competitive necessity","Use fear-based pressure tactics"
Objection Handling,Small Company Fit,"Addresses long-tail customer concerns","We understand per customer what the potential value is... we can find the right audiences for you also for the long tail","Show capability for small company targeting (craftsmen, 1-2 person shops)","Only discuss enterprise accounts"
Objection Handling,Data Source Questions,"Explains where intelligence comes from","Chamber of commerce, Dun & Bradstreet, Google Maps verified... everywhere there is a register we pull in that data","Name specific data sources transparently","Be vague about data origins"
Objection Handling,AI Project Failures,"Address why other AI projects fail","95% of real world tasks given to AI are failing... because they used ChatGPT and other generic LLMs to do complex tasks","Explain difference between generic AI and specialized agentic chains","Ignore prospect's past AI disappointments"
Objection Handling,Creepy vs Cool,"Awareness of personalization boundaries","You have a scale of creepy versus cool. This was more towards the creepy part","Acknowledge when personalization goes too far, adjust approach","Push aggressive personalization without awareness"
Objection Handling,Complex Decision Makers,"Acknowledge unclear buyer landscapes","There's no rule. You have to call there... 1 out of 10, 9 out of 10 are not interested","Validate that identifying decision makers is hard","Oversimplify B2B buying complexity"
Key Messages,Platform Scope,"Knowledge Interaction Platform beyond just sales","This goes throughout the entire organization, to every different department","Position as enterprise-wide platform","Limit to single department use case"
Key Messages,Agentic AI,"AI that requests human reasoning to improve","23 different tasks they wanted to perform but they want our reasoning behind it","Explain human-AI collaboration model","Position AI as fully autonomous"
Key Messages,Signal Types,"Diverse buying signal sources","Vacancy online, annual reports, new locations, factory permits - these are all signals","List specific signal types","Be vague about signal sources"
Key Messages,Results Proof,"Concrete customer outcomes","300 to 500% uplift... salesperson saw company was in market, reached out, signed contract same day","Share specific success stories","Make generic improvement claims"
Key Messages,Fourth Pillar,"Intelligence as fourth organizational pillar","Organizations are built on three pillars: people, process and resources. And next to that, now you have intelligence layer","Introduce intelligence as fourth pillar alongside people/process/resources","Present AI as replacement for existing pillars"
Key Messages,AI Silos Warning,"Risk of unorchestrated AI in applications","I'm feeling a future of AI silos where all the single layers have their own intelligence data that is not orchestrated","Warn about fragmented AI approach, position unified layer","Ignore enterprise architecture concerns"
Key Messages,Three Layers Framework,"ICP + Buyer Persona + Signals","There are three differences: ideal customer, buyer persona (right person at right time), and signals (when are you there at right time)","Explain three distinct layers of targeting","Conflate ICP, persona, and timing"
Customer Examples,Aqua Blue,"Water dispensers - full platform replacement, 60% uplift in meetings, same-day contract signing","They kicked out all standard software... no ERP anymore, no CRM anymore... 10 meetings per week now 16... one person signed the contract the same day","Reference transformational case study with specific metrics","Only share vague or incremental improvements"
Customer Examples,I-Booth,"B2B purchasing, overstock management","30 different people on purchasing department... helping with B2B side to have right inventory at right time","Show diverse use cases (purchasing, not just sales)","Only discuss outbound sales use cases"
Customer Examples,Acer,"Partner/distributor model, mutual campaigns","We're working with Acer... top tier accounts direct, distributors as well, clear preference for partners","Reference recognizable brands when relevant","Only mention unknown companies"
Discovery Questions,Go-to-Market Model,"Direct vs indirect channel mix","Is it direct or indirect? Do you have partners? What is the revenue from direct versus indirect?","Map their channel strategy thoroughly","Assume direct sales only"
Discovery Questions,Geographic Variations,"Market differences by country","Does it change for geographic location? In Italy you have two people... Poland is not a distribution market","Understand regional nuances","Apply uniform approach globally"
Discovery Questions,Growth Priorities,"Strategic focus areas","What are your priorities for 2026? Our priority until 2030 is growth... countries where we are not very well known","Align solution to stated growth priorities","Pitch features disconnected from strategy"
Discovery Questions,Limiting Factors,"Resource constraints","What is the limiting factor right now? The limiting factor is really the people, the human resources","Identify bottlenecks AI-KIP can solve","Ignore operational constraints"
Discovery Questions,Target Group Clarity,"ICP understanding","Your main target group are really the craftsmen... small companies, one or two people","Understand customer size and complexity","Assume enterprise-only focus"
Discovery Questions,Utilization & Activity,"Calculate capacity gaps and daily patterns","You have 99% of your capabilities unutilized... 3.5 calls per day? What are they doing the other 7 hours?","Reframe their data to reveal optimization opportunity, dig into actual activity","Accept surface-level metrics without questioning"
Discovery Questions,Account Structure,"Understand sales capacity vs customer base","800 active clients... each salesperson has 25 potential clients, two to five buying clients. Margin at 25% average","Map sales capacity against customer base, understand economics","Ignore sales team structure or unit economics"
Visual Frameworks,Bow-Tie Model,"Go-to-market visualization","This is like a bow tie, a go to market approach... partner, end customer, indirect motion, direct motion","Use bow-tie visual to explain GTM strategy","Rely only on verbal explanation"
Visual Frameworks,Funnel Stages,"Awareness, education, selection tracking","Awareness, education and selection stage and which channel we're touching here","Map customer journey through stages","Present as single-touch solution"
Visual Frameworks,Lookalike Visualization,"Show current vs potential customers","We visualize that for them... filter by industry, product market fit, lifecycle","Demonstrate filtering and segmentation visually","Just describe capabilities"
Internal Learnings,Pitch Simplification,"Avoid complex concepts early","People don't get the fourth pillar, it's too fake for them... need to focus on sales intelligence","Lead with simple value prop (lookalikes, signals)","Start with platform architecture or 'agentic CDP'"
Internal Learnings,Strategic Levers,"Capture what matters to prospect","A few parts were important to take up the strategic levers. This is something important for him","Note and leverage prospect's stated priorities","Deliver generic pitch regardless of context"
Internal Learnings,Preparation Work,"Background research and mock-ups before demos","We need to now work in background so we can shift the story towards his faith... mock something up because it would be too extensive to already program it","Customize demo to prospect's industry, mock up concepts for discussion","Use same demo for every prospect or build everything before validating"
Internal Learnings,Upsell Potential,"Multi-brand expansion opportunity","He's in the biggest brand. He hits the top, and then every night for this, other brands","Identify expansion to other business units","Stop at single brand/department"
Regional Adaptation,German Market,"Indirect approach preferred, DSGVO sensitivity","This direct selling approach would work better in Benelux, but an indirect way is better in Germany. In Germany, DSGVO... there would be so many people writing a very bad email","Adapt for German market (indirect, attention-first), lead with GDPR compliance","Apply Benelux direct-sales approach to Germany or downplay data protection"
Regional Adaptation,Benelux Market,"More direct approach acceptable","This direct selling approach would work better in Benelux","Be more direct with Benelux prospects","Be overly cautious in Netherlands/Belgium"
Technical Depth,Data Collection,"Agents gathering data globally via proxies","We have agents who are actually scraping all different systems... across the world we have proxies to get that information in","Explain data collection capabilities when asked","Be evasive about data gathering methods"
Technical Depth,Platform Capabilities,"Can replace standard software stack, requires LLM updates","They kicked out all standard software... no ERP, no CRM. Reasoning models need updating every three months","Show full platform replacement potential, explain maintenance transparently","Only position as add-on or hide ongoing requirements"
